source,source_name,glottolog_code,glottolog_name,latitude,longitude,glottolog_class,family
Kastenholz 2017 : Bolgo,Bolgo,bolg1251,Bolgo,10.9,18.81,Adamawa_Bua,Adamawa
Dieu & Perrois 2016 : koma,Koma,gimn1238,Gimnime,8.58,12.79,Adamawa_Central,Adamawa
Shimizu 1983 : Mumuye (Zing),Mumuye (Zing),nucl1240,Mumuye,8.87,11.72,Adamawa_Central,Adamawa
Fabre 2001 : Samba leko,Samba leko,samb1305,Samba Leko,8.19,11.74,Adamawa_Central,Adamawa
Souag2016,Hassaniyya,hass1238,Hassaniyya,18.29,-14.11,Arabic,Arabic
Tastevin 1936 : ba ɲun,Ba ɲun,bain1259,Bainounk-Gujaher,12.31,-16.06,Atlantic_Bak,Atlantic
Ndiaye-Corréard 1970 : balante-fca (ganja),Balante-fca (ganja),bala1302,Balanta-Ganja,12.54,-15.67,Atlantic_Bak,Atlantic
Creissels & Biaye 2015 : balante ganja,Balante-fca (ganja),bala1303,Balanta-Ganja,12.54,-15.67,Atlantic_Bak,Atlantic
Sousa Bella 1946 : balante de Jabada,Balante de Jabada,bala1301,Balanta-Kentohe,11.82,-15.32,Atlantic_Bak,Atlantic
Kennedy 1961 : bandial,Bandial,band1340,Bandial,12.53,-16.42,Atlantic_Bak,Atlantic
Bassène 2006 : joola banjal,Joola banjal,band1340,Bandial,12.53,-16.42,Atlantic_Bak,Atlantic
Watson2017,Joola Kujireray,band1340,Bandial,12.533361,-16.350494,Atlantic_Bak,Atlantic
Diatta 2006 : joola bliss,Joola bliss,blis1238,Bliss,12.51,-16.55,Atlantic_Bak,Atlantic
Cobbinah 2013 : Gubaher,Gubaher,gub1234,Gubeeher-Gufangor-Gubelor,12.56,-17.19,Atlantic_Bak,Atlantic
GIE CLOA & SIL 2018 : gusiilaay,Gusiilaay,gusi1246,Gusilay,12.78,-16.5,Atlantic_Bak,Atlantic
Sapir 1965 : Joola Gusilay,Joola Gusilay,gusi1246,Gusilay,12.78,-16.5,Atlantic_Bak,Atlantic
Kennedy 1961 : casa,Casa,jola1262,Jola-Esulalu,12.51,-16.55,Atlantic_Bak,Atlantic
Kennedy 1961 : huluf,Huluf,jola1262,Jola-Esulalu,12.51,-16.55,Atlantic_Bak,Atlantic
Coly et al. 2008 : Diola Fogny,Diola Fogny,jola1263,Jola-Fonyi,12.76,-15.74,Atlantic_Bak,Atlantic
Koelle 1854 : I-A-2 - Fī́lham,I-A-2 - Fī́lham,jola1263,Jola-Fonyi,12.76,-15.74,Atlantic_Bak,Atlantic
Doneux 1975 : proto-manjaku,Proto-manjaku,jool1234,Joola-Manjaku,12.48,-16.75,Atlantic_Bak,Atlantic
Segerer 1998 : bijogo-kamona,Bijogo-kamona,bidy1244,Kanyaki-Kagbaaga-Kajoko Bidyogo,11.11,-16.15,Atlantic_Bak,Atlantic
Sambou 2007 : Karon,Karon,karo1294,Karon,12.99,-16.74,Atlantic_Bak,Atlantic
Kennedy 1961 : her,Her,kera1248,Keerak,12.37,-16.69,Atlantic_Bak,Atlantic
Payne 1992 : joola kwaatay,Joola kwaatay,kuwa1246,Kuwaataay,12.48,-16.75,Atlantic_Bak,Atlantic
Payne 2000 : joola kwaatay,Joola kwaatay,kuwa1247,Kuwaataay,12.48,-16.75,Atlantic_Bak,Atlantic
Pichl 1981 : Laala,Laala,leha1242,Lehar,14.94,-16.88,Atlantic_Bak,Atlantic
Thornell et al. 2016 : Laala,Laala,leha1243,Lehar,14.94,-16.88,Atlantic_Bak,Atlantic
Dièye 2011 : laalaa,Laalaa,leha1244,Lehar,14.94,-16.88,Atlantic_Bak,Atlantic
Koelle 1854 : I-B-2 - Sárār,I-B-2 - Sárār,mand1419,Mandjak,12.83,-15.92,Atlantic_Bak,Atlantic
Basso Marques 1947 : manjaku,Manjaku,mand1419,Mandjak,12.83,-15.92,Atlantic_Bak,Atlantic
Wilson 2008 : Manjaku (Churo) [cuur],Manjaku (Churo) [cuur],mand1419,Mandjak,12.83,-15.92,Atlantic_Bak,Atlantic
Doneux 1975 : manjaku bok,Manjaku bok,mand1419,Mandjak,12.83,-15.92,Atlantic_Bak,Atlantic
Buis 1990 : manjaku de Bassarel,Manjaku de Bassarel,mand1419,Mandjak,12.83,-15.92,Atlantic_Bak,Atlantic
Trifkovic 1969 : mancagne,Mancagne,mank1251,Mankanya,12.1,-15.7,Atlantic_Bak,Atlantic
Koelle 1854 : I-B-3 - Pẹ́pẹ̄l,I-B-3 - Pẹ́pẹ̄l,pape1239,Papel,11.9,-15.84,Atlantic_Bak,Atlantic
Ndao 2010 : pepel,Pepel,pape1239,Papel,11.9,-15.84,Atlantic_Bak,Atlantic
La Courbe (17e s.) in dʼAvezac 1845 : Guiolof,Guiolof,nucl1347,Wolof,15.25,-15.38,Atlantic_Bak,Atlantic
Koroma-Fachner 1994 : gola,Gola,gola1255,Gola,7.06,-10.81,Atlantic_Isolate,Atlantic
Koelle 1854 : XII-A-a-4 - Gúra,Gúra,gola1255,Gola,7.06,-10.81,Atlantic_Isolate,Atlantic
New Tribes Mission 1996 : bainouk,Bainouk,bain1261,Bainouk-Gunyaamolo-Gutobor,12.87,-16.23,Atlantic_North,Atlantic
Goudiaby 2016 : gújááhár,Gújááhár,bain1259,Bainounk-Gujaher,12.31,-16.06,Atlantic_North,Atlantic
Ferry 1991 : bedik,Bedik,bedi1235,Bedik,12.75,-12.48,Atlantic_North,Atlantic
Wilson (p.c.) : biafada,Biafada,biaf1240,Biafada,11.47,-15.13,Atlantic_North,Atlantic
Koelle 1854 : I-C-1 - Biā́fada,I-C-1 - Biā́fada,biaf1240,Biafada,11.47,-15.13,Atlantic_North,Atlantic
Dem 1995 : Gambian Wolof,Gambian Wolof,gamb1252,Gambian Wolof,13.53,-16.15,Atlantic_North,Atlantic
Bodian 2014 : guñaamolo,Guñaamolo,guny1242,Gunyamoolo,12.56,-17.19,Atlantic_North,Atlantic
Meyer 2001 : badiaranke,Badiaranke,bady1239,Jaad-Badyara,12.64,-13.48,Atlantic_North,Atlantic
Koelle 1854 : I-C-2 - Pádṣāde,I-C-2 - Pádṣāde,bady1239,Jaad-Badyara,12.64,-13.48,Atlantic_North,Atlantic
Bühnen 1988 : nyun-kas,Nyun-kas,kobi1241,Kobiana,13.53,-14.45,Atlantic_North,Atlantic
Sapir 1970 : Jóola Kujamutay,Jóola Kujamutay,kuwa1246,Kuwaataay,12.48,-16.75,Atlantic_North,Atlantic
Osborn et al. 1993,Fulfulde,maas1239,Maasina Fulfulde,14.49205,-3.6150667,Atlantic_North,Atlantic
Arnaud 1899 : peuhl (A-B),Peuhl (A-B),maas1239,Maasina Fulfulde,14.49205,-3.6150667,Atlantic_North,Atlantic
Seydou 2014 : peul (Massina),Peul (Massina),maas1239,Maasina Fulfulde,14.49205,-3.6150667,Atlantic_North,Atlantic
Seidel 2013 : Nalu,Nalu,nalu1240,Nalu,11.04,-14.82,Atlantic_North,Atlantic
Doneux ms. sd. : ndut,Ndut,ndut1239,Ndut,14.93,-16.98,Atlantic_North,Atlantic
Tastevin 1936 : non,Non,noon1242,Noon,14.79,-16.92,Atlantic_North,Atlantic
Soukka 2000 : noon,Noon,noon1242,Noon,14.8,-16.87,Atlantic_North,Atlantic
dʼAlton 1987 : palor,Palor,palo1243,Palor,14.86,-16.96,Atlantic_North,Atlantic
Bah 2009 : pular,Pular,pula1262,Pular,12.18,-12.73,Atlantic_North,Atlantic
Stanton 2011 : Saafi,Saafi,saaf1238,Saafi-Saafi,14.62,-17.06,Atlantic_North,Atlantic
Pouye 2015 : saafi-saafi,Saafi-saafi,saaf1238,Saafi-Saafi,14.62,-17.06,Atlantic_North,Atlantic
Crétois 1973/77 : sereer,Sereer,sere1260,Sereer,14.5,-16.5,Atlantic_North,Atlantic
Merrill et al. 2018 : Sereer (Saalum),Sereer (Saalum),sere1260,Sereer,13.89,-16.39,Atlantic_North,Atlantic
Barbot (1732) in Gamble 1992 : Wolof,Wolof,nucl1347,Wolof,15.25,-15.38,Atlantic_North,Atlantic
"Fal, Santos & Doneux 1990 : wolof",Wolof,nucl1347,Wolof,15.25,-15.38,Atlantic_North,Atlantic
Koelle 1854 : XII-A-a-1 - Wólof,Wolof,nucl1347,Wolof,15.25,-15.38,Atlantic_North,Atlantic
Diouf 2003 : wolof,Wolof,nucl1347,Wolof,15.25,-15.38,Atlantic_North,Atlantic
BLR2 1998 : proto-bantu,Proto-Bantu,unun9913,Unclassified Narrow Grassfields,5.49,10.85,Bantu_Bantoid,Bantu
Nurse & Philippson 1975 : Bena,Bena,bena1262,Bena (Tanzania),-9.36,35.33,Bantu_East,Bantu
Nurse & Philippson 1975 : Bondei 1,Bondei,bond1247,Bondei,-5.11,38.51,Bantu_East,Bantu
Nurse & Philippson 1975 : Wungu,Wungu,bung1265,Bungu,-8.33,32.88,Bantu_East,Bantu
Nurse & Philippson 1975 : Doe,Doe,doee1238,Doe,-6.26,38.49,Bantu_East,Bantu
Nurse & Philippson 1975 : Gweno,Gweno,gwen1239,Gweno,-3.68,37.68,Bantu_East,Bantu
Nurse & Philippson 1975 : Hehe,Hehe,hehe1240,Hehe,-7.72,35.73,Bantu_East,Bantu
Ebarb 2018 : Itakho,Itakho,idak1244,Idakho,0.22,34.82,Bantu_East,Bantu
Marlo 2018 : Tiriki,Tiriki,idak1243,Idakho-Isukha-Tiriki,0.22,34.82,Bantu_East,Bantu
Nurse & Philippson 1975 : Shashi (Sizaki),Shashi (Sizaki),ikiz1238,Ikizu,-1.99,34.36,Bantu_East,Bantu
Nurse & Philippson 1975 : Nata,Nata,ikom1245,Ikoma-Nata,-1.95,34.54,Bantu_East,Bantu
Nurse & Philippson 1975 : Kimbu,Kimbu,kimb1242,Kimbu,-7.23,33.64,Bantu_East,Bantu
Nurse & Philippson 1975 : Kinga,Kinga,nucl1379,Kinga,-9.36,34.23,Bantu_East,Bantu
Nurse & Philippson 1975 : Nyarwanda,Nyarwanda,kiny1244,Kinyarwanda,-1.57,29.64,Bantu_East,Bantu
Nurse & Philippson 1975 : Kutu,Kutu,kutu1263,Kutu,-7.24,37.86,Bantu_East,Bantu
Nurse & Philippson 1975 : Kwere,Kwere,kwer1261,Kwere,-6.51,38.44,Bantu_East,Bantu
Nurse & Philippson 1975 : Lambya,Lambya,lamb1272,Lambya,-9.49,33.16,Bantu_East,Bantu
Nurse & Philippson 1975 : Langi,Langi,lang1320,Langi,-4.71,35.95,Bantu_East,Bantu
Nurse & Philippson 1975 : Luguru,Luguru,lugu1238,Luguru,-6.87,37.56,Bantu_East,Bantu
Nurse & Philippson 1975 : Luhyia,Luhyia,luyi1234,Luyia,0.34,34.48,Bantu_East,Bantu
Nurse & Philippson 1975 : Siha 1,Siha 1,mach1266,Machame,-3.29,37.07,Bantu_East,Bantu
Nurse & Philippson 1975 : Siha 2,Siha 2,mach1267,Machame,-3.29,37.08,Bantu_East,Bantu
Nurse & Philippson 1975 : Malila,Malila,mali1279,Malila,-9.17,33.34,Bantu_East,Bantu
Nurse & Philippson 1975 : Masaaba,Masaaba,masa1299,Masaaba,1.06,34.28,Bantu_East,Bantu
Nurse & Philippson 1975 : Matumbi,Matumbi,matu1259,Matumbi,39.04,-8.54,Bantu_East,Bantu
Nurse & Philippson 1975 : Mbunga,Mbunga,mbun1248,Mbunga,-8.2,36.54,Bantu_East,Bantu
Nurse & Philippson 1975 : Mochi,Mochi,moch1256,Mochi,-3.34,37.34,Bantu_East,Bantu
Edelsten & Lijongwa 2010 : Chindamba,Chindamba,ndam1239,Ndamba,-8.4,36.03,Bantu_East,Bantu
Nurse & Philippson 1975 : Ndamba,Ndamba,ndam1239,Ndamba,-8.4,36.03,Bantu_East,Bantu
Nurse & Philippson 1975 : Ndengeleko,Ndengeleko,nden1248,Ndengereko,-7.55,38.96,Bantu_East,Bantu
Nurse & Philippson 1975 : Ngindo,Ngindo,ngin1244,Ngindo,-9.78,37.98,Bantu_East,Bantu
Nurse & Philippson 1975 : Ngoni,Ngoni,ngon1270,Ngoni (Nyanja),-11.33,34.9,Bantu_East,Bantu
Nurse & Philippson 1975 : Ngulu,Ngulu,ngul1246,Ngulu,-5.8,37.68,Bantu_East,Bantu
Nurse & Philippson 1975 : Nyiramba,Nyiramba,nila1242,Nilamba,-4.5,34.31,Bantu_East,Bantu
Nurse & Philippson 1975 : Nyambo,Nyambo,nyam1277,Nyambo,-1.61,30.92,Bantu_East,Bantu
Nurse & Philippson 1975 : Nyamwezi,Nyamwezi,nyam1276,Nyamwezi,-5.09,32.94,Bantu_East,Bantu
Nurse & Philippson 1975 : Nyaturu (Chahi),Nyaturu (Chahi),nyat1246,Nyaturu,-5.12,34.67,Bantu_East,Bantu
Nurse & Philippson 1975 : Nyiha,Nyiha,nyih1240,Nyiha (Tanzania),-9.45,32.91,Bantu_East,Bantu
Ebarb 2018 : Nyore,Nyore,nyor1244,Nyore,0.08,34.62,Bantu_East,Bantu
Nurse & Philippson 1975 : Pangwa,Pangwa,pang1287,Pangwa,-9.97,34.8,Bantu_East,Bantu
Nurse & Philippson 1975 : Pimbwe,Pimbwe,pimb1238,Pimbwe,-6.81,31.43,Bantu_East,Bantu
Nurse & Philippson 1975 : Keni,Keni,romb1244,Rombo,-3.08,37.54,Bantu_East,Bantu
Nurse & Philippson 1975 : Rundi,Rundi,rund1242,Rundi,-2.94,29.97,Bantu_East,Bantu
Nurse & Philippson 1975 : Rungwa 1,Rungwa 1,rung1255,Rungwa,-7.25,31.76,Bantu_East,Bantu
Nurse & Philippson 1975 : Rungwa 2,Rungwa 2,rung1255,Rungwa,-7.25,31.76,Bantu_East,Bantu
Nurse & Philippson 1975 : Safwa,Safwa,safw1238,Safwa,-8.55,33.48,Bantu_East,Bantu
Nurse & Philippson 1975 : Sangu,Sangu,sang1330,Sangu (Tanzania),-8.4,33.9,Bantu_East,Bantu
Nurse & Philippson 1975 : Sukuma,Sukuma,suku1261,Sukuma,-3.16,32.88,Bantu_East,Bantu
Nurse & Philippson 1975 : Sukuma (Nantuzu),Sukuma (Nantuzu),suku1261,Sukuma,-3.16,32.88,Bantu_East,Bantu
Nurse & Philippson 1975 : Dawida,Dawida,tait1250,Taita,-3.79,38.57,Bantu_East,Bantu
Nurse & Philippson 1975 : Kilema,Kilema,vunj1238,Vunjo,-3.43,37.58,Bantu_East,Bantu
Nurse & Philippson 1975 : Vunjo,Vunjo,vunj1238,Vunjo,-3.43,37.58,Bantu_East,Bantu
Nurse & Philippson 1975 : Zaramo,Zaramo,zara1247,Zaramo,-6.88,38.93,Bantu_East,Bantu
Nurse & Philippson 1975 : Zigua,Zigua,zigu1244,Zigula-Mushungulu,-5.62,38.41,Bantu_East,Bantu
Nurse & Philippson 1975 : Zinza,Zinza,zinz1238,Zinza,-2.64,32.18,Bantu_East,Bantu
Muluwa & Bostoen 2015 : mbuun,Mbuun,mpuo1241,Mbuun,-5.21,19.43,Bantu_Narrow,Bantu
Muluwa & Bostoen 2015 : pende,Pende,phen1239,Phende,-5.65,19.83,Bantu_Narrow,Bantu
Muluwa & Bostoen 2015 : saamba,Saamba,samb1309,Samba,-6.21,17.17,Bantu_Narrow,Bantu
Muluwa & Bostoen 2015 : suku,Suku,suku1259,Suku,-5.76,17.77,Bantu_Narrow,Bantu
Muluwa & Bostoen 2015 : yans,Yans,yans1239,Yansi,-3.82,18.23,Bantu_Narrow,Bantu
,Ghadames,ghad1239,Ghadames,30.12,10.02,Berber_Atlas,Berber
,Awjilah,awji1241,Awjilah,29.23,21.18,Berber_Isolate,Berber
,Ntifa,cent2194,Central Moroccan Berber,32.74,-2.41,Berber_Kabyle,Berber
,Kabyle,kaby1243,Kabyle,36.41,4.76,Berber_Kabyle,Berber
Heath 2005 : Tamazight,Tamazight,stan1324,Standard Moroccan Tamazight,32.74,-2.41,Berber_Kabyle,Berber
Gutova 2021,Taghzut/Zerqet,tagh1234,Taghzut,30.546632,-9.707005,Berber_Moroccan,Berber
Heath 2005 : Tamasheq,Tamasheq,tama1365,Tamasheq,19,-1,Berber_Tuareg,Berber
Sudlow 2001 : Tamasheq,Tamasheq,tama1365,Tamasheq,14.2,-2.41,Berber_Tuareg,Berber
Taine-Cheikh 2008,Zenaga,zena1248,Zenaga,17.33,-16,Berber_Western,Berber
,Ouargla,taga1278,Ouargli,31.95,5.28,Berber_Zenatic,Berber
,El-Fogaha,sawk1238,Sawknah-Fogaha,29.16,15.97,Berber_Zenatic,Berber
Kraft 1981 (vol. III) : Nàkatsa (Cinèni),Nàkatsa (Cinèni),cine1238,Cineni,11.13,13.82,Chadic_Biu-Mandara,Chadic
"Gravina, Nelezek & Tchalalao 1999 : Mbuko",Mbuko,mbuk1243,Mbuko,10.78,14.17,Chadic_Biu-Mandara,Chadic
Friesen et al. 2017 : Moloko,Moloko,molo1266,Moloko,10.79,14.25,Chadic_Biu-Mandara,Chadic
Gravina 2014 Central Chadic Reconstructions,Moloko,molo1266,Moloko,10.79,14.25,Chadic_Biu-Mandara,Chadic
Gravina 2014 Central Chadic Reconstructions,Ouldeme,wuzl1236,Wuzlam,10.96,14.14,Chadic_Biu-Mandara,Chadic
Gravina2014CentralChadicReconstructions,Proto-Central Chadic,,,12.22061,14.18262,Chadic_Central,Chadic
Kraft 1981 (vol. I) : Bole(wa) (Bolanci),Bole(wa) (Bolanci),nucl1695,Bole,11.48,11.23,Chadic_West,Chadic
Caron 2012 : Dott ~ Zoɗi,Dott ~ Zoɗi,dass1243,Dass,9.93,9.52,Chadic_West,Chadic
Caron 1991,Hausa,haus1257,Hausa,11.15,8.78,Chadic_West,Chadic
Kraft 1981 (vol. I) : Ngamo,Ngamo,ngam1282,Ngamo,12,11.21,Chadic_West,Chadic
Kraft 1981 (vol. I) : Pəlci,Pəlci,polc1243,Pesse,10.13,9.6,Chadic_West,Chadic
"Kraft 1981 (vol. I) : Dira (Dirya, Zul)","Dira (Dirya, Zul)",polc1243,Polci,10.03,9.53,Chadic_West,Chadic
Caron 2012 : za:r,Za:r,saya1246,Saya,9.69,9.72,Chadic_West,Chadic
Caron 2001 : Guus (Sigidi),Guus (Sigidi),sigi1234,Sigidi,9.67,9.35,Chadic_West,Chadic
Parker & Hayward 1985 : afar,,afar1241,Afar,12.23,41.81,Cushitic_East,Cushitic
Lemmi 2018 : Bayso,Bayso,bais1246,Baiso,6.45,37.77,Cushitic_East,Cushitic
Wedekind 2008 : gedeo,Gedeo,gede1246,Gedeo,6.18,38.24,Cushitic_East,Cushitic
Garkebo 2014 : Hadiyya,Hadiyya,hadi1240,Hadiyya,7.57,37.76,Cushitic_East,Cushitic
Ongaye 2013 : Konso,Konso,kons1243,Konso,5.39,37.53,Cushitic_East,Cushitic
Stroomer 2001 : Orma Oromo,Orma Oromo,orma1241,Orma,-1.79,39.61,Cushitic_East,Cushitic
Savà 2005 : Tsʼamakko,Tsʼamakko,tsam1247,Tsamai,5.31,36.91,Cushitic_East,Cushitic
Hellenthal 2010 : Sheko,Sheko,shek1245,Sheko,7.05,35.28,Dizoid_Sheko,Dizoid
Heath et al. 2019 : Donno So,Donno So,donn1239,Donno So Dogon,14.49455,-3.168,Dogon_Escarpment,Dogon
Heath et al. 2019 : Tommo So,Tommo So,tomm1242,Tommo So Dogon,14.5608333,-3.3939333,Dogon_Escarpment,Dogon
Heath et al. 2019 : Yorno So,Yorno So,yorn1234,Yorno So,14.5627,-3.2353,Dogon_Escarpment,Dogon
Heath et al. 2019 : Bankan Tey,Bankan Tey,bank1259,Bankan Tey Dogon,15.07,-2.91,Dogon_Nangan,Dogon
Heath et al. 2019 : Ben Tey,Ben Tey,bent1238,Ben Tey Dogon,14.9,-2.9464167,Dogon_Nangan,Dogon
Heath et al. 2019 : Nanga,Nanga,nang1261,Nanga,14.8193833,-3.0104333,Dogon_Nangan,Dogon
Heath et al. 2019 : Dogul Dom,Dogul Dom,dogu1235,Dogul Dom Dogon,14.59,-3.57,Dogon_North-Plateau,Dogon
Hantgan 2008 : Kindige,Kindige,bond1248,Najamba-Kindige,15.0509833,-3.1906333,Dogon_North-Plateau,Dogon
Heath et al. 2019 : Najamba,Najamba,bond1248,Najamba-Kindige,14.95,-3.37,Dogon_North-Plateau,Dogon
Heath et al. 2019 : Tebul Ure,Tebul Ure,tebu1239,Tebul Ure Dogon,14.69,-3,Dogon_North-Plateau,Dogon
Heath et al. 2019 : Yanda Dom,Yanda Dom,yand1257,Yanda Dom Dogon,14.6471833,-3.1481667,Dogon_North-Plateau,Dogon
Heath et al. 2019 : Gourou,Gourou,guru1265,Guru (Mali),14.0634,-3.2456333,Dogon_Plains,Dogon
Hantgan 2013 : Ibi So,Ibi So,ibis1234,Ibi So,14.4768,-3.2668,Dogon_Plains,Dogon
Heath et al. 2019 : Jamsay,Jamsay,jams1239,Jamsay Dogon,15.00045,-2.95395,Dogon_Plains,Dogon
Heath et al. 2019 : Jamsay Douentza,Jamsay Douentza,jams1239,Jamsay Dogon,15.00045,-2.95395,Dogon_Plains,Dogon
Heath et al. 2019 : Perge Tegu,Perge Tegu,perg1234,Perge Tegu,14.85205,-3.0218,Dogon_Plains,Dogon
Heath et al. 2019 : Togo Kan,Togo Kan,togo1254,Togo Kan,13.933,-3.416,Dogon_Plains,Dogon
Heath et al. 2019 : Tomo Kan,Tomo Kan,tomo1243,Tomo Kan Dogon,13.839,-3.751,Dogon_Plains,Dogon
Heath et al. 2019 : Toro Tegu,Toro Tegu,toro1253,Toro Tegu Dogon,15.0052667,-2.085,Dogon_Plains,Dogon
Heath et al. 2019 : Ampari,Ampari,ampa1238,Ampari Dogon,14.15,-3.55,Dogon_West,Dogon
Heath et al. 2019 : Bunoge,Bunoge,buno1241,Bunoge Dogon,14.6532333,-3.7936167,Dogon_West,Dogon
Prokhorov 2013 : Mombo,Mombo,momb1254,Mombo Dogon,14.4,-3.7,Dogon_West,Dogon
Heath et al. 2019 : Mombo,Mombo,momb1254,Mombo Dogon,14.4,-3.7,Dogon_West,Dogon
Heath et al. 2019 : Penange,Penange,pena1270,Penange,14.39385,-4.0323833,Dogon_West,Dogon
Heath et al. 2019 : Tiranige Diga,Tiranige Diga,tira1258,Tiranige Diga Dogon,14.76,-3.7,Dogon_West,Dogon
Elugbe 1989 : Edo,Edo,bini1246,Bini,6.41,5.7,Edoid_North-Central,Edoid
Roulon-Doko 2008 : gbaya,Gbaya,nort2775,Northwest Gbaya,5.95,15.26,Gbaya-Manza-Ngbaka,Gbaya
Rongier 2003 : ewe,Ewe,ewee1241,Ewe,6.46,0.81,Gbe_Western,Gbe
Koelle 1854 : XII-B-2 - Bárba,XII-B-2 - Bárba,baat1238,Baatonum,9.63,3,Gur_Central,Gur
Bloemarts 2012 : boore,Boore,buam1238,Buamu,11.17,-3.5,Gur_Central,Gur
Kraft 1981 (vol. I) : Buli,Buli,buli1254,Buli (Ghana),10.58,-1.27,Gur_Central,Gur
Manessy 1979 : proto-Central-Gur,Proto-Central-Gur,cent2243,Central Gur,9.78,-2.91,Gur_Central,Gur
Berthelette 2001 : Yari (Silly),Yari (Silly),daga1272,Dagaari Dioula,11.6,-2.5,Gur_Central,Gur
CLNK 1999 : Kabiyè,Kabiyè,kabi1261,Kabiyé,8.97,0.5,Gur_Central,Gur
Rennison 2018,Koromfe,koro1298,Koromfé,14.05,-1.96,Gur_Central,Gur
Koelle 1854 : IV-A-1 - Mọ̄́se,Mọ̄́se,moss1236,Mossi,11.95,-1.32,Gur_Central,Gur
Sawadogo 2002 : Negeni,Negeni,nati1243,Natioro,10.72,-5.2,Gur_Central,Gur
"Ali, Grimm & Bodomo 2021 : Dagaare",Dagaare,nort2780,Northern Dagara,10.15,-2.8,Gur_Central,Gur
Beyer 2006 : pana,Pana,pana1295,Pana (Burkina Faso),13.25,-3.3,Gur_Central,Gur
SIL Burkina 2003 : tchourama,Tchourama,turk1306,Turka,10.71,-4.92,Gur_Central,Gur
Sawadogo 2002 : Timba,Timba,kaou1238,Kaouara-Timba-Sindou-Koroni,10.7,-5.2,Gur_Samu,Gur
Sawadogo 2002 : Niansogoni,Niansogoni,nati1243,Natioro,10.7,-5.3,Gur_Samu,Gur
Sawadogo 2002 : Sourani,Sourani,wara1292,Samue,10.73,-5.38,Gur_Samu,Gur
Heath 2021,Tiefo,tief1242,Tiefo-Daramandugu,10.72,-4.53,Gur_Tiefoic,Gur
"Heath, Ouattara, Hantgan 2019 : Tiefo",Tiefo,tief1244,Tiefo-Nyafogo-Numudara,10.85,-4.45,Gur_Tiefoic,Gur
Koelle 1854 : IV-A-3 - Gúrēṣa,Gúrēṣa,,,10.55,-1.25,,Gur
Green et al. 2005 : Ịḅanị,Ịḅanị,iban1261,Ibani,4.49,7.24,Ijo_Eastern,Ijo
Kaliai 1964 (revised Blench) : Nembe,Nembe,sout2774,Southeast Ijo,4.44,6.32,Ijo_Eastern,Ijo
"Heath, Hantgan & Elders 2019 : Bangime",Bangime,bang1363,Bangime,14.85,-3.76015,Isolate,Isolate
Cyffer & Hutchison 1990 : kanuri,Kanuri,cent2050,Central Kanuri,11.8,13.13,Kanuric_Central,Kanuric
Otero 2015 : Komo,Komo,komo1258,Komo (Sudan-Ethiopia),8.94,34.09,Koman_Central,Koman
Leidenfrost & al. 2008 : bakwé,Bakwé,bakw1243,Bakwé,5.23,-6.51,Kru_Eastern,Kru
Koelle 1854 : III-A-5 - Gbē,III-A-5 - Gbē,bakw1243,Bakwé,5.23,-6.51,Kru_Eastern,Kru
Marchese 1983 : Bété (Daloa),Bété (Daloa),dalo1238,Daloa Bété,6.69,-6.64,Kru_Eastern,Kru
Marchese 1983 : Godié,Godié,godi1239,Godié,5.43,-5.82,Kru_Eastern,Kru
Marchese 1983 : Bété (Guibéroua),Bété (Guibéroua),guib1246,Guiberoua Béte,6.29,-6.5,Kru_Eastern,Kru
Slager et al. (s.d.) : Bassa,Bassa,nucl1418,Bassa,7.28,-11.54,Kru_Western,Kru
Koelle 1854 : III-A-2 - Bása,III-A-2 - Bása,nucl1418,Bassa,7.28,-11.54,Kru_Western,Kru
Koelle 1854 : III-A-1 - Dḗwoi·,Dḗwoi,dewo1238,Dewoin,6.56,-10.91,Kru_Western,Kru
Koelle 1854 : III-A-1 - Dḗwoi·,III-A-1 - Dḗwoi·,dewo1238,Dewoin,6.56,-10.91,Kru_Western,Kru
Koelle 1854 : III-A-3 - Krá,III-A-3 - Krá,klao1243,Klao,5.05,-8.85,Kru_Western,Kru
Marchese 1983 : Konobo,Kra,east2414,Konobo-Eastern Krahn,5.84,-7.85,Kru_Western,Kru
Innes 1967 : Grebo,Grebo,sout2826,Southern Grebo,4.48,-7.57,Kru_Western,Kru
Koelle 1854 : III-A-4 - Krḗbo,III-A-4 - Krḗbo,sout2826,Southern Grebo,4.48,-7.57,Kru_Western,Kru
Marchese 1983 : Tépo,Tépo,tepo1239,Tepo Krumen,5.16,-7.66,Kru_Western,Kru
Marchese 1983 : Aïzi,Aïzi,tiag1235,Tiagbamrin Aizi,5.28,-4.62,Kru_Western,Kru
Marchese 1983 : Guéré,Grebo,weno1238,Wobe-Wè Northern,7.4,-7.25,Kru_Western,Kru
Marchese 1983 : Guéré,Guéré,weno1238,Wobe-Wè Northern,7.4,-7.25,Kru_Western,Kru
Marchese 1983 : Wobé,Wobé,weno1238,Wobe-Wè Northern,7.4,-7.25,Kru_Western,Kru
Marchese 1983 : Jrwe,Jrwe,yrew1238,Yrewe,5.13,-6.99,Kru_Western,Kru
Koelle 1854 : III-B-1 - Adámpe,III-B-1 - Adámpe,adan1248,Adangbe,6.51,0.73,Kwa_Gbe,Kwa
Koelle 1854 : III-B-2 - Án·fūẹ,III-B-2 - Án·fūẹ,ajab1235,Aja (Benin),7.07,1.65,Kwa_Gbe,Kwa
Koelle 1854 : III-B-4 - Dahṓme,Dahome,fon1241,Fon,7.15,1.66,Kwa_Gbe,Kwa
Capo 1991 : Proto-Gbe,Proto-Gbe,gbee1241,Gbe,6.56,2.03,Kwa_Gbe,Kwa
Koelle 1854 : III-B-5 - Mā́ḥi,III-B-5 - Mā́ḥi,maxi1236,Maxi Gbe,7.57,1.78,Kwa_Gbe,Kwa
Koelle 1854 : III-B-3 - Hwída,III-B-3 - Hwída,xwel1235,Xwela Gbe,6.41,2.03,Kwa_Gbe,Kwa
Gblem 1995 : igo,Igo,igoo1238,Igo,7.25,0.68,Kwa_Ka-Togo,Kwa
Dorvlo 2008 : Logba,Logba,logb1245,Ikpana,6.93,0.43,Kwa_Na-Togo,Kwa
Hérault (Ed) 1983 (vol. II) : abbey,Abbey,abee1242,Abé,5.9,-4.38,Kwa_Nyo,Kwa
Hérault (Ed) 1983 (vol. II) : abidji,Abidji,abid1235,Abidji,5.67,-4.58,Kwa_Nyo,Kwa
Hérault (Ed) 1983 (vol. II) : abouré,Abouré,abur1243,Abure,5.31,-3.5,Kwa_Nyo,Kwa
Hérault (Ed) 1983 (vol. II) : attié,Attié,atti1239,Attié,6,-3.82,Kwa_Nyo,Kwa
Hérault (Ed) 1983 (vol. II) : ébrié,ébrié,ebri1238,Ebrié,5.37,-4.03,Kwa_Nyo,Kwa
Hérault (Ed) 1983 (vol. II) : mbatto,Mbatto,mbat1247,Mbato,5.34,-3.7,Kwa_Nyo,Kwa
Hérault (Ed) 1983 (vol. II) : agni,Agni,anyi1245,Anyin,6.73,-3.5,Kwa_Tano,Kwa
Snider 1989 : Chumburung (CH),Chumburung (CH),chum1261,Chumburung,8.15,-0.28,Kwa_Tano,Kwa
Keita 2008 : agni Indenie,Agni Indenie,inde1240,Indenie,6.32,-3.31,Kwa_Tano,Kwa
Hérault (Ed) 1983 (vol. II) : krobou,Krobou,krob1245,Krobu,5.85,-4.47,Kwa_Tano,Kwa
Hérault (Ed) 1983 (vol. II) : nzéma,Nzéma,nzim1238,Nzima,5.2,-2.6,Kwa_Tano,Kwa
Clarke 1922 : limba,Limba,east2387,East Limba,9.71,-11.75,Limba_East,Limba
Koelle 1854 : XII-A-b-4 - Límba,Limba,west2450,West-Central Limba,9.52,-12.31,Limba_West-Central,Limba
Vydrine 2009 : lélé,Lélé,lele1266,Lele (Guinea),8.98,-10.37,Mande_Central,Mande
Dumestre 2011 : bambara,Bambara,bamb1269,Bambara,10.11,-6.99,Mande_East-Manding,Mande
Hochstetler 1996 : bambara,Bambara,bamb1269,Bambara,10.11,-6.99,Mande_East-Manding,Mande
Diarra 1992 : fuladugukakan,Fuladugukakan,bamb1269,Bambara,9.83,-4.67,Mande_East-Manding,Mande
Koelle 1854 : II-2 - Bámbara,II-2 - Bámbara,bamb1269,Bambara,12.9,-7.65,Mande_East-Manding,Mande
Koelle 1854 : II-1-e - Kán·kán·ka,II-1-e - Kán·kán·ka,east2426,Eastern Maninkakan,9.33,-10.54,Mande_East-Manding,Mande
Sangare 1984 : Dioula (Kong),Dioula (Kong),dyul1238,Kong Jula,9.83,-4.67,Mande_East-Manding,Mande
Heath 2019 : Koro,Koro,koro1306,Koro (Côte d'Ivoire),8.12,-5.74,Mande_East-Manding,Mande
Creissels 1988 : koyaga,Koyaga,koya1253,Koyaga,8.31,-6.22,Mande_East-Manding,Mande
SIL Burkina 2003 : san,San,sann1238,San,12.7,-2.9,Mande_East-Manding,Mande
Vanhoudt 1999 : bisa,Bisa,biss1248,Bissa,11.5,-0.5,Mande_Eastern,Mande
Grégoire 1975 : gouro,Gouro,guro1248,Guro,7.35,-6.31,Mande_Eastern,Mande
Morris et al. 2011 : Matya,Matya,maty1235,Matya Samo,13.1,-3.25,Mande_Eastern,Mande
Morris et al. 2011 : Mayaa,Mayaa,maya1281,Maya Samo,13.18,-2.73,Mande_Eastern,Mande
Jones 2004 : Bokobaru,Bokobaru,boko1267,Bokobaru,9.53,3.8,Mande_Eastern-Mande,Mande
Heath 2017 : Jalkunan,Jalkunan,jalk1242,Jalkunan,10.5,-5.2,Mande_Manding-Jogo,Mande
Williams 2018 : Jogo,Jogo,jogo1242,Jogo,7.92,-2.38,Mande_Manding-Jogo,Mande
Koelle 1854 : II-3 - Kọ́no,II-3 - Kọ́no,kono1268,Kono (Sierra Leone),8.67,-10.92,Mande_Manding-Jogo,Mande
Lessau & Kastenholz 1989 : Kono,Kono,kono1268,Kono (Sierra Leone),8.67,-10.92,Mande_Manding-Jogo,Mande
Manyeh 1983 : Kono,Kono,kono1268,Kono (Sierra Leone),8.67,-10.92,Mande_Manding-Jogo,Mande
Westermann & Melzian 1930 : Kpelle,Kpelle,kono1267,Kono (Guinea),7.85,-8.26,Mande_Manding-Kpelle,Mande
Koelle 1854 : II-4 - Vei,II-4 - Vei,vaii1241,Vai,7.05,-11.33,Mande_Manding-Vai,Mande
Kastenholz (ed) 2019 : Vai,Vai,vaii1241,Vai,6.85,-11.2,Mande_Manding-Vai,Mande
Welmers & Kandakai 1974 : Vai,Vai,vaii1242,Vai,6.85,-11.2,Mande_Manding-Vai,Mande
Innes 1969 : Mende,Mende,mend1266,Mende (Sierra Leone),7.91,-10.99,Mande_Mende-Loko,Mande
Grossmann 1991 : Bandi,Bandi,band1352,Bandi,7.74,-10.17,Mande_Mende-Loma,Mande
Hochstetler 1996 : duungoma (Kai),Duungoma (Kai),duun1242,Duungooma,10.92,-5.86,Mande_North-Western,Mande
Smeltzer & Smeltzer 1995 : bozo (Débo),Bozo (Débo),debo1238,Débo,15.2,-4.1,Mande_Soninke-Bozo,Mande
Smeltzer & Smeltzer 1995 : bozo (Hainyaxo),Bozo (Hainyaxo),hain1253,Hainyaxo Bozo,13.75,-5.75,Mande_Soninke-Bozo,Mande
Heath 2022 : Cliffs Jenaama,Jenaama,jena1242,Jenaama Bozo,14.79,-3.82,Mande_Soninke-Bozo,Mande
Heath 2022 : Djenné Jenaama,Jenaama,jena1242,Jenaama Bozo,13.9069107,-4.5556731,Mande_Soninke-Bozo,Mande
Smeltzer & Smeltzer 1995 : bozo (Korondougou nord),Bozo (Korondougou nord),koro1305,Korondougou,14.75,-4.5,Mande_Soninke-Bozo,Mande
Smeltzer & Smeltzer 1995 : bozo (Korondougou sud),Bozo (Korondougou sud),koro1305,Korondougou,14,-4.5,Mande_Soninke-Bozo,Mande
Smeltzer & Smeltzer 1995 : bozo (Kotya),Bozo (Kotya),koty1238,Kotya,14,-4.65,Mande_Soninke-Bozo,Mande
Smeltzer & Smeltzer 1995 : bozo (Pondori nord),Bozo (Pondori nord),pond1250,Pondori,13.911,-4.562,Mande_Soninke-Bozo,Mande
Smeltzer & Smeltzer 1995 : bozo (Pondori sud),Bozo (Pondori sud),pond1250,Pondori,13.826166,-4.61225,Mande_Soninke-Bozo,Mande
Creissels 1996 : soninke,Soninke,soni1259,Soninke,14.86,-12.48,Mande_Soninke-Bozo,Mande
Dantioko 2004,Soninke,soni1259,Soninke,13.13,-11.72,Mande_Soninke-Bozo,Mande
Monteil 1964,Soninke,soni1259,Soninke,14.376392,-11.368344,Mande_Soninke-Bozo,Mande
Diagana 2013,Soninke,soni1259,Soninke,16.1553265,-13.502683,Mande_Soninke-Bozo,Mande
Smeltzer & Smeltzer 1995 : bozo (Tiɛma Cɛwɛ),Bozo (Tiɛma Cɛwɛ),tiem1235,Tiemacèwè Bozo,15.6,-4.3,Mande_Soninke-Bozo,Mande
Smeltzer & Smeltzer 1995 : bozo (Tieyaxo),Bozo (Tieyaxo),tiey1235,Tiéyaxo Bozo,14.25,-5,Mande_Soninke-Bozo,Mande
[Anonymous] 1982 : Bozo (Tieyaxo),Bozo (Tieyaxo),tiey1235,Tiéyaxo Bozo,14.25,-5,Mande_Soninke-Bozo,Mande
Vydrine & Kességbeu 2008 : dan (gwèèta),Dan (gwèèta),dann1241,Dan,7.23,-8.25,Mande_Southeastern,Mande
Aplonova 2020 : goo,Goo,gooa1234,Goo,7.58,-7.56,Mande_Southeastern,Mande
Koelle 1854 : II-12 - Máno,II-12 - Máno,mann1248,Mann,7.05,-8.86,Mande_Southeastern,Mande
Khachaturyan 2012 : mano,Mano,mann1248,Mann,7.75,-8.81,Mande_Southeastern,Mande
Perekhvalskaya & Yegbe 2018 : mwan,Mwan,mwan1250,Mwan,7.88,-5.95,Mande_Southeastern,Mande
Koelle 1854 : II-7 - Gbándi,II-7 - Gbándi,band1352,Bandi,7.74,-10.17,Mande_Southwest,Mande
Koelle 1854 : II-10 - Gbẹ́sẹ,II-10 - Gbẹ́sẹ,guin1254,Guinea Kpelle,7.93,-8.99,Mande_Southwest,Mande
Koelle 1854 : II-8 - Lándōṛo,II-8 - Lándōṛo,loko1255,Loko,9.12,-12.16,Mande_Southwest,Mande
Koelle 1854 : II-11 - Tṓma,II-11 - Tṓma,loma1260,Loma (Liberia),7.92,-9.7,Mande_Southwest,Mande
Koelle 1854 : II-9 - Mẹ́nde,II-9 - Mẹ́nde,mend1266,Mende (Sierra Leone),7.91,-10.99,Mande_Southwest,Mande
Babaev 2010 : Zialo,Zialo,zial1235,Zialo,8.43,-9.51,Mande_Southwest,Mande
Koelle 1854 : II-5-a - (Sóso) Sṓlīma,II-5-a - (Sóso) Sṓlīma,susu1250,Susu,10.4,-13.36,Mande_Susu-Yalunka,Mande
Koelle 1854 : II-5-b - (Sóso) Kísekise,II-5-b - (Sóso) Kísekise,susu1251,Susu,10.4,-13.37,Mande_Susu-Yalunka,Mande
Koelle 1854 : II-6 - Tḗnẹ,II-6 - Tḗnẹ,susu1252,Susu,10.4,-13.38,Mande_Susu-Yalunka,Mande
New Tribes Mission 2004 : Susu,Susu,susu1250,Susu,10.4,-13.36,Mande_Susu-Yalunka,Mande
Creissels 2010 : dialonké de Faleya,Dialonké de Faleya,yalu1240,Yalunka,9.97,-11.28,Mande_Susu-Yalunka,Mande
Koelle 1854 : II-1-d - Dṣálun·ka,II-1-d - Dṣálun·ka,yalu1240,Yalunka,9.97,-11.28,Mande_Susu-Yalunka,Mande
Koelle 1854 : II-1-a - Mandén·ga,II-1-a - Mandén·ga,mand1436,Mandinka,12.82,-15.65,Mande_West-Manding,Mande
Koelle 1854 : II-1-b - Kābún·ga,II-1-b - Kābún·ga,mand1437,Mandinka,12.82,-15.66,Mande_West-Manding,Mande
Koelle 1854 : II-1-c - Torón·ka,II-1-c - Torón·ka,mand1438,Mandinka,12.82,-15.67,Mande_West-Manding,Mande
Colley 1995 : Mandinka,Mandinka,mand1436,Mandinka,13.26,-12.9,Mande_West-Manding,Mande
Creissels 2011 : mandinka,Mandinka,mand1436,Mandinka,13.26,-12.9,Mande_West-Manding,Mande
Koelle 1854 : XII-A-a-3 - Gadṣā́ga,Mandinka,mand1436,Mandinka,13.26,-12.9,Mande_West-Manding,Mande
Creissels 2009 : malinké de Kita,Malinké de Kita,west2500,Western Maninkakan,13.26,-12.9,Mande_West-Manding,Mande
Creissels & Camara 2013 : maninka du Niokolo,Maninka du Niokolo,west2500,Western Maninkakan,13.57,-12.8,Mande_West-Manding,Mande
Tveit & Dansoko 1993 : khassonké,Khassonké,xaas1235,Xaasongaxango,14.1,-10.95,Mande_West-Manding,Mande
Konoshenko 2020 : kpele de Guinée,Kpele de Guinée,guin1254,Guinea Kpelle,7.93,-8.99,Mande_Western,Mande
Vydrina 2018 : kakabe,Kakabe,kaka1265,Kakabe,10.6,-11.44,Mande_Western,Mande
Polinder & Janse 2009 : Mɔgɔfin,Mɔgɔfin,mixi1241,Mixifore,10.68,-14.38,Mande_Western,Mande
McPherson 2018 : Seenku,Seenku,seek1238,Seeku,11.13,-4.58,Mande_Western,Mande
Prost 1971 : sembla,Sembla,seek1238,Seeku,11.13,-4.58,Mande_Western,Mande
Le Bris & Prost 1981 : bobo,Bobo,sout2840,Southern Bobo Madaré,11.54,-4.26,Mande_Western,Mande
Djilla et al. 2004 : jôwulu,Jôwulu,jowu1238,Jowulu,10.77,-5.48,Mande_North-Western,Mande
Hochstetler 1996 : duungoma (Bananso),Duungoma (Bananso),duun1242,Duungooma,10.88333,-6.03333,Mande_North-Western,Mande
Hochstetler 1996 : duungoma (Sieou),Duungoma (Sieou),duun1242,Duungooma,10.7300421,-5.5579899,Mande_North-Western,Mande
Hochstetler 1996 : duungoma (Samogo-Gouan),Duungoma (Samogo-Gouan),duun1242,Duungooma,11.392149,-4.9380296,Mande_North-Western,Mande
Hochstetler 1996 : duungoma (Samogo-Hiri),Duungoma (Samogo-Hiri),duun1242,Duungooma,10.9303239,-5.11916,Mande_North-Western,Mande
Hochstetler 1996 : duungoma (Zantiguila),Duungoma (Zantiguila),duun1242,Duungooma,11.5995914,-5.3323661,Mande_North-Western,Mande
Leopold 1996 : Loma,Loma,loma1259,Loma,7.92,-9.7,Mande_Southwest,Mande
Houis 1953 : baga koba,Baga koba,baga1273,Baga Koga,10.13,-13.95,Mel_Northern,Mel
Koelle 1854 : I-D-1 - Bága (of Kā́lum),I-D-1 - Bága (of Kā́lum),baga1273,Baga Koga,10.13,-13.95,Mel_Northern,Mel
Lamp 2016 : Baga Tshi-tem,Baga Tshi-tem,baga1272,Baga Sitemu,10.48,-14.48,Mel_Northern,Mel
Rogers & Bryant 2012 : landouma,Landouma,land1256,Landoma,10.88,-14.09,Mel_Northern,Mel
Houis 1953 : landuma,Landuma,land1256,Landoma,10.88,-14.09,Mel_Northern,Mel
Koelle 1854 : I-D-2 - Tímne,I-D-2 - Tímne,timn1235,Timne,8.9,-12.33,Mel_Northern,Mel
Dalby 1960 : temne,Temne,timn1235,Timne,8.9,-12.33,Mel_Northern,Mel
Dalby 1960 : temne,Temne,timn1235,Timne,8.9,-12.33,Mel_Northern,Mel
Thomas 1916 : Timne,Timne,timn1235,Timne,8.9,-12.33,Mel_Northern,Mel
Koelle 1854 : I-D-3 - Búlom,I-D-3 - Búlom,bull1247,Bullom So,9,-13.16,Mel_Southern,Mel
Childs 2012 : Mani,Mani,bull1247,Mmani,9,-13.16,Mel_Southern,Mel
Childs 2000 : kisi,Kisi,nort2765,Northern Kissi,8.73,-10.41,Mel_Southern,Mel
Koelle 1854 : I-D-5 - Kísi,I-D-5 - Kísi,sout2778,Southern Kisi,8.32,-10.34,Mel_Southern,Mel
Childs 2012 : Bom,,bomm1240,Bom,9.28,-11.6,Mel_Southern,Mel
Childs 2012 : Kim,,krim1238,Krim,7.24,-11.84,Mel_Southern,Mel
Nurse & Philippson 1975 : Kami,Kami,kami1258,Kami (Nigeria),8.57,6.66,Nupoid_Dibo-Kupa,Nupoid
Moges & Yehualashet 1995 : Anfillo,Anfillo,anfi1235,Anfillo,8.57,34.65,Omotic_Kefoid,Omotic
Petrollino 2016 : Hamar,Hamar,karo1297,Karo (Ethiopia),5.21,36.17,Omotic_South,Omotic
Hieda 1991 : Kara,Kara,karo1297,Karo (Ethiopia),5.21,36.17,Omotic_South,Omotic
APLM 2009 : Mamara,Mamara,mama1271,Mamara Senoufo,12.49,-5.28,Senufo_North,Senufo
Chéron 1925 : sénoufo du Minyanka,Sénoufo du Minyanka,mama1271,Mamara Senoufo,12.49,-5.28,Senufo_North,Senufo
Rongier 2003 : senoufo de Kolia,Senoufo de Kolia,senu1239,Senufo,9.77,-6.46,Senufo_North,Senufo
Carlson 1994 : Supyire (Kampwo),Supyire (Kampwo),supy1237,Supyire Senoufo,11.63,-5.88,Senufo_North,Senufo
Zima 1994 : dendi,Dendi,dend1243,Dendi (Benin),11.67,3.49,Songhay_Eastern,Songhay
Heath 2015 : Humburi Senni Songhay,Humburi Senni Songhay,humb1243,Humburi Senni Songhay,15.2778333,-1.69,Songhay_Eastern,Songhay
Heath 1999 : Koyra Chiini Songhay,,koyr1240,Koyra Chiini Songhay,16.19,-3.74,Songhay_Eastern,Songhay
Heath 2005 : Tondi Songway Kiini,Tondi Songway Kiini,tond1249,Tondi Songway Kiini,15.26,-2.82,Songhay_Eastern,Songhay
Ducroz & Charles 1978 : kaado,Kaado,zarm1239,Zarma,14.62,0.28,Songhay_Eastern,Songhay
Seydou Hanafiou 1995 : kaado (Ayorou-Goungokore),Kaado (Ayorou-Goungokore),zarm1239,Zarma,14.47,0.87,Songhay_Eastern,Songhay
Oumarou Yaro 1993 : zarma,Zarma,zarm1239,Zarma,12.86,2.41,Songhay_Eastern,Songhay
Hieda 1991 : Koegu,Koegu,kweg1241,Kwegu,5.4,36.17,Sumic_Southeast,Sumic
Moñino (Ed) 1988 : ʼbaka (15),ʼbaka,baka1272,Baka (Cameroon),2.16,13.78,Ubangian_Baka,Ubangian
Moñino (Ed) 1988 : gbanzili (13),Gbanzili,gban1258,Gbanziri-Boraka,4.68,20.26,Ubangian_Baka,Ubangian
Elders 1995 : Mono,Mono,mono1269,Mono (Cameroon),8.78,14.23,Ubangian_Baka,Ubangian
Moñino (Ed) 1988 : ngbaka maʼbo (12),Ngbaka maʼbo,ngba1284,Ngbaka Ma'bo,4,18.12,Ubangian_Baka,Ubangian
Moñino 1997 : yangere,Yangere,band1348,Banda-Yangere,3.9,16.3,Ubangian_Bandaic,Ubangian
Segerer 1996 : dakpa,Dakpa,dakp1243,Dakpa,5.73,20.05,Ubangian_Bandaic,Ubangian
Cloarec-Heiss 1997 : gbi,Gbi,gbii1241,Gbi,5.85,19.8,Ubangian_Bandaic,Ubangian
Moñino 1997 : hai,Hai,haii1241,Hai,6.7,22.76,Ubangian_Bandaic,Ubangian
Boyd & Boyeldieu 1997 : langba,Langba,lang1319,Langbashe,5.15,20,Ubangian_Bandaic,Ubangian
Cloarec-Heiss 1997 : mbanza,Mbanza,mban1263,Mbandja,3.98,19.45,Ubangian_Bandaic,Ubangian
Diki-Kidiri 1997 : moruba,Moruba,moru1251,Moruba,7.1,20,Ubangian_Bandaic,Ubangian
Cloarec-Heiss 1997 : vara,Vara,vara1239,Vara,5.76,20.67,Ubangian_Bandaic,Ubangian
Nougayrol 1997 : wojo,Wojo,wojo1239,Wojo,7,19,Ubangian_Bandaic,Ubangian
Brosnahan 1967 : Gokana,Gokana,goka1239,Gokana,4.62,7.34,Delta_Cross,Volta-Congo
Rongier 1996 : Mɔyɔbɛ,Mɔyɔbɛ,miyo1238,Miyobe,1.35,9.92,Isolate,Volta-Congo
Hérault (Ed) 1983 (vol. II) : éga,éga,egaa1242,Ega,5.57,-5.41,Volta-Congo_Isolate,Volta-Congo
Heath 2019 : Pere,Pere,mbre1244,Mbre,8.21,-5.73,Volta-Congo_Isolate,Volta-Congo
Boyeldieu 1998 : pere/pre,Pere/pre,mbre1244,Mbre,8.21,-5.73,Volta-Congo_Isolate,Volta-Congo
Koelle 1854 : III-C-1-d - (Akū) Yórūba,III-C-1-d - (Akū) Yórūba,yoru1245,Yoruba,7.15,3.67,Yoruboid_Nuclear,Yoruboid